USE master;
CREATE DATABASE ships;

USE ships;


----- Tables -----
CREATE TABLE BATTLES (
 NAME VARCHAR(20) NOT NULL ,
 DATE DATETIME NOT NULL
);

CREATE TABLE CLASSES(
 CLASS VARCHAR(50) NOT NULL ,
 TYPE VARCHAR(2) NOT NULL ,
 COUNTRY VARCHAR (20) NOT NULL ,
 NUMGUNS INT, 
 BORE REAL, 
 DISPLACEMENT INT
);

CREATE TABLE SHIPS(
 NAME VARCHAR(50) NOT NULL ,
 CLASS VARCHAR(50) NOT NULL ,
 LAUNCHED INT
);

CREATE TABLE OUTCOMES(
 SHIP VARCHAR(50) NOT NULL ,
 BATTLE VARCHAR(20) NOT NULL ,
 RESULT VARCHAR(10) NOT NULL 
);

----- Constraints -----
ALTER TABLE BATTLES ADD	CONSTRAINT PK_BATTLES PRIMARY KEY(NAME);

ALTER TABLE CLASSES ADD	CONSTRAINT PK_CLASSES PRIMARY KEY(CLASS);

ALTER TABLE SHIPS ADD CONSTRAINT PK_SHIPS PRIMARY KEY(NAME);

ALTER TABLE SHIPS ADD CONSTRAINT FK_SHIPS_CLASSES FOREIGN KEY(CLASS) REFERENCES CLASSES(CLASS);

ALTER TABLE OUTCOMES ADD CONSTRAINT PK_OUTCOMES PRIMARY KEY(SHIP,BATTLE);

ALTER TABLE OUTCOMES ADD CONSTRAINT FK_OUTCOMES_BATTLES FOREIGN KEY(BATTLE) REFERENCES BATTLES(NAME);

ALTER TABLE OUTCOMES ADD CONSTRAINT FK_OUTCOMES_SHIPS FOREIGN KEY(SHIP) REFERENCES SHIPS(NAME);

----- Classes ----- 
INSERT INTO CLASSES
  VALUES ('Bismarck', 'bb', 'Germany', 8, 15, 42000);

INSERT INTO CLASSES
  VALUES ('Iowa', 'bb', 'USA', 9, 16, 46000);

INSERT INTO CLASSES
  VALUES ('Kongo', 'bc', 'Japan', 8, 14, 32000);

INSERT INTO CLASSES
  VALUES ('North Carolina', 'bb', 'USA', 12, 16, 37000);

INSERT INTO CLASSES
  VALUES ('Renown', 'bc', 'Gt.Britain', 6, 15, 32000);

INSERT INTO CLASSES
  VALUES ('Revenge', 'bb', 'Gt.Britain', 8, 15, 29000);

INSERT INTO CLASSES
  VALUES ('Tennessee', 'bb', 'USA', 12, 14, 32000);

INSERT INTO CLASSES
  VALUES ('Yamato', 'bb', 'Japan', 9, 18, 65000);

----- Battles ----- 
INSERT INTO BATTLES
  VALUES ('Guadalcanal', '1942-11-15');

INSERT INTO BATTLES
  VALUES ('North Atlantic', '1941-05-25');

INSERT INTO BATTLES
  VALUES ('North Cape', '1943-12-26');

INSERT INTO BATTLES
  VALUES ('Surigao Strait', '1944-10-25');

----- Ships ----- 
INSERT INTO SHIPS
  VALUES ('California', 'Tennessee', 1921);

INSERT INTO SHIPS
  VALUES ('Haruna', 'Kongo', 1916);

INSERT INTO SHIPS
  VALUES ('Hiei', 'Kongo', 1914);

INSERT INTO SHIPS
  VALUES ('Iowa', 'Iowa', 1943);

INSERT INTO SHIPS
  VALUES ('Kirishima', 'Kongo', 1915);

INSERT INTO SHIPS
  VALUES ('Kongo', 'Kongo', 1913);

INSERT INTO SHIPS
  VALUES ('Missouri', 'Iowa', 1944);

INSERT INTO SHIPS
  VALUES ('Musashi', 'Yamato', 1942);

INSERT INTO SHIPS
  VALUES ('New Jersey', 'Iowa', 1943);

INSERT INTO SHIPS
  VALUES ('North Carolina', 'North Carolina', 1941);

INSERT INTO SHIPS
  VALUES ('Ramillies', 'Revenge', 1917);

INSERT INTO SHIPS
  VALUES ('Renown', 'Renown', 1916);

INSERT INTO SHIPS
  VALUES ('Repulse', 'Renown', 1916);

INSERT INTO SHIPS
  VALUES ('Resolution', 'Renown', 1916);

INSERT INTO SHIPS
  VALUES ('Revenge', 'Revenge', 1916);

INSERT INTO SHIPS
  VALUES ('Royal Oak', 'Revenge', 1916);

INSERT INTO SHIPS
  VALUES ('Royal Sovereign', 'Revenge', 1916);

INSERT INTO SHIPS
  VALUES ('Tennessee', 'Tennessee', 1920);

INSERT INTO SHIPS
  VALUES ('Washington', 'North Carolina', 1941);

INSERT INTO SHIPS
  VALUES ('Wisconsin', 'Iowa', 1944);

INSERT INTO SHIPS
  VALUES ('Yamato', 'Yamato', 1941);
  
INSERT INTO SHIPS
  VALUES ('Yamashiro', 'Yamato', 1947);
  
INSERT INTO SHIPS
  VALUES ('South Dakota', 'North Carolina', 1941);

INSERT INTO SHIPS
  VALUES ('Bismarck', 'North Carolina', 1911);
  
INSERT INTO SHIPS
  VALUES ('Duke of York', 'Renown', 1916);
  
INSERT INTO SHIPS
  VALUES ('Fuso', 'Iowa', 1940);
  
INSERT INTO SHIPS
  VALUES ('Hood', 'Iowa', 1942);
  
INSERT INTO SHIPS
  VALUES ('Rodney', 'Yamato', 1915);
  
INSERT INTO SHIPS
  VALUES ('Yanashiro', 'Yamato', 1918);
  
INSERT INTO SHIPS
  VALUES ('Schamhorst', 'North Carolina', 1917);
  
INSERT INTO SHIPS
  VALUES ('Prince of Wales', 'North Carolina', 1937);
  
INSERT INTO SHIPS
  VALUES ('King George V', 'Iowa', 1942);
  
INSERT INTO SHIPS
  VALUES ('West Virginia', 'Iowa', 1942);

----- Outcomes ----- 
INSERT INTO OUTCOMES
  VALUES ('Bismarck', 'North Atlantic', 'sunk'); 

INSERT INTO OUTCOMES
  VALUES ('California', 'Surigao Strait', 'ok');

INSERT INTO OUTCOMES
  VALUES ('Duke of York', 'North Cape', 'ok');

INSERT INTO OUTCOMES
  VALUES ('Fuso', 'Surigao Strait', 'sunk');

INSERT INTO OUTCOMES
  VALUES ('Hood', 'North Atlantic', 'sunk');

INSERT INTO OUTCOMES
  VALUES ('King George V', 'North Atlantic', 'ok');

INSERT INTO OUTCOMES
  VALUES ('Kirishima', 'Guadalcanal', 'sunk');

INSERT INTO OUTCOMES
  VALUES ('Prince of Wales', 'North Atlantic', 'damaged');

INSERT INTO OUTCOMES
  VALUES ('Rodney', 'North Atlantic', 'ok');

INSERT INTO OUTCOMES
  VALUES ('Schamhorst', 'North Cape', 'sunk');

INSERT INTO OUTCOMES
  VALUES ('South Dakota', 'Guadalcanal', 'damaged');

INSERT INTO OUTCOMES
  VALUES ('Tennessee', 'Surigao Strait', 'ok');

INSERT INTO OUTCOMES
  VALUES ('Washington', 'Guadalcanal', 'ok');

INSERT INTO OUTCOMES
  VALUES ('West Virginia', 'Surigao Strait', 'ok');

INSERT INTO OUTCOMES
  VALUES ('Yamashiro', 'Surigao Strait', 'sunk');

INSERT INTO OUTCOMES
  VALUES ('California', 'Guadalcanal', 'damaged');

--1

SELECT DISTINCT * 
FROM SHIPS
JOIN CLASSES ON SHIPS.CLASS = CLASSES.CLASS
WHERE SHIPS.CLASS IS NOT NULL;

--2

SELECT DISTINCT * 
FROM SHIPS
RIGHT JOIN CLASSES ON SHIPS.CLASS = CLASSES.CLASS;

--3

SELECT CLASSES.COUNTRY, SHIPS.NAME
FROM CLASSES
JOIN SHIPS ON CLASSES.CLASS=SHIPS.CLASS
LEFT JOIN OUTCOMES ON OUTCOMES.SHIP=SHIPS.NAME
WHERE OUTCOMES.SHIP IS NULL;


--4

SELECT NAME
FROM SHIPS
JOIN CLASSES ON SHIPS.CLASS=CLASSES.CLASS
WHERE CLASSES.NUMGUNS > 7 AND SHIPS.LAUNCHED='1916';

--5

SELECT SHIP, BATTLE, RESULT
FROM OUTCOMES
JOIN BATTLES ON BATTLE=NAME
WHERE OUTCOMES.RESULT = 'sunk'
ORDER BY BATTLE

--6
 
SELECT NAME, DISPLACEMENT, LAUNCHED
FROM SHIPS
JOIN CLASSES ON SHIPS.CLASS= CLASSES.CLASS
WHERE SHIPS.NAME=CLASSES.CLASS;

--7

SELECT CLASSES.CLASS, [TYPE], COUNTRY, NUMGUNS, BORE,DISPLACEMENT
FROM CLASSES
LEFT JOIN SHIPS ON CLASSES.CLASS=SHIPS.CLASS
WHERE LAUNCHED IS NULL;

--8

SELECT NAME, DISPLACEMENT, NUMGUNS, RESULT
FROM SHIPS
JOIN CLASSES ON SHIPS.CLASS=CLASSES.CLASS
LEFT JOIN OUTCOMES ON SHIPS.NAME = OUTCOMES.SHIP
WHERE OUTCOMES.BATTLE='North Atlantic';

--9

SELECT NAME
FROM SHIPS
JOIN CLASSES ON SHIPS.CLASS=CLASSES.CLASS
WHERE DISPLACEMENT>50000;

--10

SELECT NAME, DISPLACEMENT, NUMGUNS
FROM SHIPS
JOIN CLASSES ON SHIPS.CLASS=CLASSES.CLASS
LEFT JOIN OUTCOMES ON SHIPS.NAME = OUTCOMES.SHIP
WHERE OUTCOMES.BATTLE='Guadalcanal';

--11

SELECT DISTINCT COUNTRY
FROM CLASSES
WHERE CLASSES.TYPE='bc'
INTERSECT
SELECT COUNTRY
FROM CLASSES
WHERE CLASSES.TYPE='bb';

--12

SELECT SHIP
FROM OUTCOMES
JOIN BATTLES ON OUTCOMES.BATTLE=BATTLES.NAME
JOIN SHIPS ON OUTCOMES.SHIP=SHIPS.NAME
WHERE RESULT='damaged'  AND BATTLES.DATE>SHIPS.LAUNCHED; -- ?

